<?xml version="1.0" encoding="ISO-8859-1"?>

<!--
/*
 * Copyright 2006 The Apache Software Foundation.
 *
 * Licensed under the Apache License, Version 2.0 (the "License");
 * you may not use this file except in compliance with the License.
 * You may obtain a copy of the License at
 *
 *      http://www.apache.org/licenses/LICENSE-2.0
 *
 * Unless required by applicable law or agreed to in writing, software
 * distributed under the License is distributed on an "AS IS" BASIS,
 * WITHOUT WARRANTIES OR CONDITIONS OF ANY KIND, either express or implied.
 * See the License for the specific language governing permissions and
 * limitations under the License.
 */
-->

<project xmlns="http://maven.apache.org/DECORATION/1.0.0" xmlns:xsi="http://www.w3.org/2001/XMLSchema-instance"
  xsi:schemaLocation="http://maven.apache.org/DECORATION/1.0.0 http://maven.apache.org/xsd/decoration-1.0.0.xsd">
  <body>
    <menu name="Overview">
      <item name="Introduction" href="index.html"/>
      <item name="Goals" href="plugin-info.html"/>
      <item name="Usage" href="usage.html"/>
      <item name="FAQ" href="faq.html"/>
    </menu>
    <menu name="Samples">
      <item name="Sample Changes Report" href="changes-report.html"/>
      <item name="Live JIRA Report" href="jira-report.html"/>
    </menu>

    <menu name="Examples">
      <item name="Alternate Location for the changes.xml File" href="examples/alternate-changes-xml-location.html"/>
      <item name="SMTP Authentication" href="examples/smtp-authentication.html"/>
    </menu>
  </body>
</project>
